Workbook

Sheet Raw_Data
A1: baseyear | B1: year | C1: month_code | D1: month | E1: state | F1: sector | G1: group | H1: subgroup | I1: index | J1: inflation | K1: status
A2: 2012 | B2: 2024 | C2: 12 | D2: December | E2: All India | F2: Combined | G2: General | H2: General-Overall | I2: 195.4 | J2: 5.22 | K2: F
A3: 2012 | B3: 2024 | C3: 11 | D3: November | E3: All India | F3: Combined | G3: General | H3: General-Overall | I3: 196.5 | J3: 5.48 | K3: F
A4: 2012 | B4: 2024 | C4: 10 | D4: October | E4: All India | F4: Combined | G4: General | H4: General-Overall | I4: 196.8 | J4: 6.21 | K4: F
A5: 2012 | B5: 2024 | C5: 9 | D5: September | E5: All India | F5: Combined | G5: General | H5: General-Overall | I5: 194.2 | J5: 5.49 | K5: F
A6: 2012 | B6: 2024 | C6: 8 | D6: August | E6: All India | F6: Combined | G6: General | H6: General-Overall | I6: 193 | J6: 3.65 | K6: F
A7: 2012 | B7: 2024 | C7: 7 | D7: July | E7: All India | F7: Combined | G7: General | H7: General-Overall | I7: 193 | J7: 3.6 | K7: F
A8: 2012 | B8: 2024 | C8: 6 | D8: June | E8: All India | F8: Combined | G8: General | H8: General-Overall | I8: 190.2 | J8: 5.08 | K8: F
A9: 2012 | B9: 2024 | C9: 5 | D9: May | E9: All India | F9: Combined | G9: General | H9: General-Overall | I9: 187.7 | J9: 4.8 | K9: F
A10: 2012 | B10: 2024 | C10: 4 | D10: April | E10: All India | F10: Combined | G10: General | H10: General-Overall | I10: 186.7 | J10: 4.83 | K10: F
A11: 2012 | B11: 2024 | C11: 3 | D11: March | E11: All India | F11: Combined | G11: General | H11: General-Overall | I11: 185.8 | J11: 4.85 | K11: F
A12: 2012 | B12: 2024 | C12: 2 | D12: February | E12: All India | F12: Combined | G12: General | H12: General-Overall | I12: 185.8 | J12: 5.09 | K12: F
A13: 2012 | B13: 2024 | C13: 1 | D13: January | E13: All India | F13: Combined | G13: General | H13: General-Overall | I13: 185.5 | J13: 5.1 | K13: F
... A56: 2012 | B56: 2020 | C56: 6 | D56: June | E56: All India | F56: Combined | G56: General | H56: General-Overall | I56: 151.8 | J56: 6.23 | K56: F
A57: 2012 | B57: 2020 | C57: 5 | D57: May | E57: All India | F57: Combined | G57: General | H57: General-Overall | I57: 150.9 | K57: F*
A58: 2012 | B58: 2020 | C58: 4 | D58: April | E58: All India | F58: Combined | G58: General | H58: General-Overall | I58: 151.4 | K58: F*
A59: 2012 | B59: 2020 | C59: 3 | D59: March | E59: All India | F59: Combined | G59: General | H59: General-Overall | I59: 148.6 | J59: 5.84 | K59: F
A60: 2012 | B60: 2020 | C60: 2 | D60: February | E60: All India | F60: Combined | G60: General | H60: General-Overall | I60: 149.1 | J60: 6.58 | K60: F
A61: 2012 | B61: 2020 | C61: 1 | D61: January | E61: All India | F61: Combined | G61: General | H61: General-Overall | I61: 150.2 | J61: 7.59 | K61: F
A62: 2012 | B62: 2019 | C62: 12 | D62: December | E62: All India | F62: Combined | G62: General | H62: General-Overall | I62: 150.4 | J62: 7.35 | K62: F
A63: 2012 | B63: 2019 | C63: 11 | D63: November | E63: All India | F63: Combined | G63: General | H63: General-Overall | I63: 148.6 | J63: 5.54 | K63: F
A64: 2012 | B64: 2019 | C64: 10 | D64: October | E64: All India | F64: Combined | G64: General | H64: General-Overall | I64: 147.2 | J64: 4.62 | K64: F
A65: 2012 | B65: 2019 | C65: 9 | D65: September | E65: All India | F65: Combined | G65: General | H65: General-Overall | I65: 145.8 | J65: 3.99 | K65: F
A66: 2012 | B66: 2019 | C66: 8 | D66: August | E66: All India | F66: Combined | G66: General | H66: General-Overall | I66: 145 | J66: 3.28 | K66: F
A67: 2012 | B67: 2019 | C67: 7 | D67: July | E67: All India | F67: Combined | G67: General | H67: General-Overall | I67: 144.2 | J67: 3.15 | K67: F
A68: 2012 | B68: 2019 | C68: 6 | D68: June | E68: All India | F68: Combined | G68: General | H68: General-Overall | I68: 142.9 | J68: 3.18 | K68: F
A69: 2012 | B69: 2019 | C69: 5 | D69: May | E69: All India | F69: Combined | G69: General | H69: General-Overall | I69: 142 | J69: 3.05 | K69: F
A70: 2012 | B70: 2019 | C70: 4 | D70: April | E70: All India | F70: Combined | G70: General | H70: General-Overall | I70: 141.2 | J70: 2.99 | K70: F
... A121: 2012 | B121: 2015 | C121: 1 | D121: January | E121: All India | F121: Combined | G121: General | H121: General-Overall | I121: 119.5 | J121: 5.19 | K121: F

Sheet Cleaned_Data
A1: Date | B1: Year | C1: Month | D1: CPI_Index | E1: Inflation_Rate
A2: =DATE(VALUE(B2),MONTH(1&C2),1) -> 45627 | B2: =Raw_Data!B2 -> 2024 | C2: =Raw_Data!D2 -> December | D2: =Raw_Data!I2 -> 195.4 | E2: =Raw_Data!J2 -> 5.22
A3: =DATE(VALUE(B3),MONTH(1&C3),1) -> 45597 | B3: =Raw_Data!B3 -> 2024 | C3: =Raw_Data!D3 -> November | D3: =Raw_Data!I3 -> 196.5 | E3: =Raw_Data!J3 -> 5.48
A4: =DATE(VALUE(B4),MONTH(1&C4),1) -> 45566 | B4: =Raw_Data!B4 -> 2024 | C4: =Raw_Data!D4 -> October | D4: =Raw_Data!I4 -> 196.8 | E4: =Raw_Data!J4 -> 6.21
A5: =DATE(VALUE(B5),MONTH(1&C5),1) -> 45536 | B5: =Raw_Data!B5 -> 2024 | C5: =Raw_Data!D5 -> September | D5: =Raw_Data!I5 -> 194.2 | E5: =Raw_Data!J5 -> 5.49
A6: =DATE(VALUE(B6),MONTH(1&C6),1) -> 45505 | B6: =Raw_Data!B6 -> 2024 | C6: =Raw_Data!D6 -> August | D6: =Raw_Data!I6 -> 193 | E6: =Raw_Data!J6 -> 3.65
A7: =DATE(VALUE(B7),MONTH(1&C7),1) -> 45474 | B7: =Raw_Data!B7 -> 2024 | C7: =Raw_Data!D7 -> July | D7: =Raw_Data!I7 -> 193 | E7: =Raw_Data!J7 -> 3.6
A8: =DATE(VALUE(B8),MONTH(1&C8),1) -> 45444 | B8: =Raw_Data!B8 -> 2024 | C8: =Raw_Data!D8 -> June | D8: =Raw_Data!I8 -> 190.2 | E8: =Raw_Data!J8 -> 5.08
A9: =DATE(VALUE(B9),MONTH(1&C9),1) -> 45413 | B9: =Raw_Data!B9 -> 2024 | C9: =Raw_Data!D9 -> May | D9: =Raw_Data!I9 -> 187.7 | E9: =Raw_Data!J9 -> 4.8
A10: =DATE(VALUE(B10),MONTH(1&C10),1) -> 45383 | B10: =Raw_Data!B10 -> 2024 | C10: =Raw_Data!D10 -> April | D10: =Raw_Data!I10 -> 186.7 | E10: =Raw_Data!J10 -> 4.83
A11: =DATE(VALUE(B11),MONTH(1&C11),1) -> 45352 | B11: =Raw_Data!B11 -> 2024 | C11: =Raw_Data!D11 -> March | D11: =Raw_Data!I11 -> 185.8 | E11: =Raw_Data!J11 -> 4.85
A12: =DATE(VALUE(B12),MONTH(1&C12),1) -> 45323 | B12: =Raw_Data!B12 -> 2024 | C12: =Raw_Data!D12 -> February | D12: =Raw_Data!I12 -> 185.8 | E12: =Raw_Data!J12 -> 5.09
A13: =DATE(VALUE(B13),MONTH(1&C13),1) -> 45292 | B13: =Raw_Data!B13 -> 2024 | C13: =Raw_Data!D13 -> January | D13: =Raw_Data!I13 -> 185.5 | E13: =Raw_Data!J13 -> 5.1
... A121: =DATE(VALUE(B121),MONTH(1&C121),1) -> 42005 | B121: =Raw_Data!B121 -> 2015 | C121: =Raw_Data!D121 -> January | D121: =Raw_Data!I121 -> 119.5 | E121: =Raw_Data!J121 -> 5.19

Sheet Summary_Stats
A1: Metric | B1: Value
A2: Average Inflation | B2: =AVERAGE(Cleaned_Data!E:E) -> 4.8825833
A3: Maximum Inflation | B3: =MAX(Cleaned_Data!E:E) -> 7.79
A4: Minimum Inflation | B4: =MIN(Cleaned_Data!E:E) -> 0
A5: Average CPI Index | B5: =AVERAGE(Cleaned_Data!D:D) -> 152.82417
A6: Highest Inflation Year | B6: 2022
A7: Lowest Inflation Year | B7: 2017

Sheet Dashboard
A1: Inflation and Cost of Living Dashboard (2015–2024)
A5: KPI | B5: Average Inflation | C5: Highest Inflation Year | D5: Lowest Inflation Year | E5: Average CPI Index
A6: VALUE | B6: 0.0488 | C6: 2022 | D6: 2017 | E6: 152.82
E12: Period | F12: Avg Inflation
A13: Year | B13: Average Inflation | E13: Pre-COVID (2015–2019) | F13: =AVERAGE(B14:B18) -> 4.175
A14: 2015 | B14: =AVERAGEIF(Cleaned_Data!B:B,A14,Cleaned_Data!E:E) -> 4.9125 | E14: COVID (2020–2022) | F14: =AVERAGE(B19:B21) -> 5.7808333
A15: 2016 | B15: =AVERAGEIF(Cleaned_Data!B:B,A15,Cleaned_Data!E:E) -> 4.9608333 | E15: Post-COVID (2023–2024) | F15: =AVERAGE(B22:B23) -> 5.3041667
A16: 2017 | B16: =AVERAGEIF(Cleaned_Data!B:B,A16,Cleaned_Data!E:E) -> 3.3275
A17: 2018 | B17: =AVERAGEIF(Cleaned_Data!B:B,A17,Cleaned_Data!E:E) -> 3.9616667
A18: 2019 | B18: =AVERAGEIF(Cleaned_Data!B:B,A18,Cleaned_Data!E:E) -> 3.7125 | E18: Period | F18: Avg Inflation
A19: 2020 | B19: =AVERAGEIF(Cleaned_Data!B:B,A19,Cleaned_Data!E:E) -> 5.505 | E19: Pre-COVID | F19: 4.18
A20: 2021 | B20: =AVERAGEIF(Cleaned_Data!B:B,A20,Cleaned_Data!E:E) -> 5.1408333 | E20: COVID | F20: 5.78
A21: 2022 | B21: =AVERAGEIF(Cleaned_Data!B:B,A21,Cleaned_Data!E:E) -> 6.6966667 | E21: Post-COVID | F21: 5.3
A22: 2023 | B22: =AVERAGEIF(Cleaned_Data!B:B,A22,Cleaned_Data!E:E) -> 5.6583333
A23: 2024 | B23: =AVERAGEIF(Cleaned_Data!B:B,A23,Cleaned_Data!E:E) -> 4.95

Sheet Food_Overall
A1: baseyear | B1: year | C1: month_code | D1: month | E1: state | F1: sector | G1: group | H1: subgroup | I1: index | J1: inflation | K1: status
A2: 2012 | B2: 2024 | C2: 12 | D2: December | E2: All India | F2: Combined | G2: Food and Beverages | H2: Food and Beverages-Overall | I2: 205.9 | J2: 7.69 | K2: F
A3: 2012 | B3: 2024 | C3: 11 | D3: November | E3: All India | F3: Combined | G3: Food and Beverages | H3: Food and Beverages-Overall | I3: 208.4 | J3: 8.2 | K3: F
A4: 2012 | B4: 2024 | C4: 10 | D4: October | E4: All India | F4: Combined | G4: Food and Beverages | H4: Food and Beverages-Overall | I4: 209.4 | J4: 9.69 | K4: F
A5: 2012 | B5: 2024 | C5: 9 | D5: September | E5: All India | F5: Combined | G5: Food and Beverages | H5: Food and Beverages-Overall | I5: 204.8 | J5: 8.36 | K5: F
A6: 2012 | B6: 2024 | C6: 8 | D6: August | E6: All India | F6: Combined | G6: Food and Beverages | H6: Food and Beverages-Overall | I6: 202.7 | J6: 5.3 | K6: F
A7: 2012 | B7: 2024 | C7: 7 | D7: July | E7: All India | F7: Combined | G7: Food and Beverages | H7: Food and Beverages-Overall | I7: 203.3 | J7: 5.06 | K7: F
A8: 2012 | B8: 2024 | C8: 6 | D8: June | E8: All India | F8: Combined | G8: Food and Beverages | H8: Food and Beverages-Overall | I8: 198.4 | J8: 8.36 | K8: F
A9: 2012 | B9: 2024 | C9: 5 | D9: May | E9: All India | F9: Combined | G9: Food and Beverages | H9: Food and Beverages-Overall | I9: 193.2 | J9: 7.87 | K9: F
A10: 2012 | B10: 2024 | C10: 4 | D10: April | E10: All India | F10: Combined | G10: Food and Beverages | H10: Food and Beverages-Overall | I10: 191.9 | J10: 7.87 | K10: F
A11: 2012 | B11: 2024 | C11: 3 | D11: March | E11: All India | F11: Combined | G11: Food and Beverages | H11: Food and Beverages-Overall | I11: 190.7 | J11: 7.74 | K11: F
A12: 2012 | B12: 2024 | C12: 2 | D12: February | E12: All India | F12: Combined | G12: Food and Beverages | H12: Food and Beverages-Overall | I12: 190.3 | J12: 7.76 | K12: F
A13: 2012 | B13: 2024 | C13: 1 | D13: January | E13: All India | F13: Combined | G13: Food and Beverages | H13: Food and Beverages-Overall | I13: 190.1 | J13: 7.58 | K13: F
... A56: 2012 | B56: 2020 | C56: 6 | D56: June | E56: All India | F56: Combined | G56: Food and Beverages | H56: Food and Beverages-Overall | I56: 154 | J56: 7.92 | K56: F
A57: 2012 | B57: 2020 | C57: 5 | D57: May | E57: All India | F57: Combined | G57: Food and Beverages | H57: Food and Beverages-Overall | I57: 152.7 | K57: F*
A58: 2012 | B58: 2020 | C58: 4 | D58: April | E58: All India | F58: Combined | G58: Food and Beverages | H58: Food and Beverages-Overall | I58: 154 | K58: F*
A59: 2012 | B59: 2020 | C59: 3 | D59: March | E59: All India | F59: Combined | G59: Food and Beverages | H59: Food and Beverages-Overall | I59: 148.9 | J59: 7.82 | K59: F
A60: 2012 | B60: 2020 | C60: 2 | D60: February | E60: All India | F60: Combined | G60: Food and Beverages | H60: Food and Beverages-Overall | I60: 150.5 | J60: 9.45 | K60: F
A61: 2012 | B61: 2020 | C61: 1 | D61: January | E61: All India | F61: Combined | G61: Food and Beverages | H61: Food and Beverages-Overall | I61: 153.5 | J61: 11.72 | K61: F
A62: 2012 | B62: 2019 | C62: 12 | D62: December | E62: All India | F62: Combined | G62: Food and Beverages | H62: Food and Beverages-Overall | I62: 155 | J62: 12.16 | K62: F
A63: 2012 | B63: 2019 | C63: 11 | D63: November | E63: All India | F63: Combined | G63: Food and Beverages | H63: Food and Beverages-Overall | I63: 151.9 | J63: 8.73 | K63: F
A64: 2012 | B64: 2019 | C64: 10 | D64: October | E64: All India | F64: Combined | G64: Food and Beverages | H64: Food and Beverages-Overall | I64: 149.6 | J64: 6.93 | K64: F
A65: 2012 | B65: 2019 | C65: 9 | D65: September | E65: All India | F65: Combined | G65: Food and Beverages | H65: Food and Beverages-Overall | I65: 147 | J65: 4.7 | K65: F
A66: 2012 | B66: 2019 | C66: 8 | D66: August | E66: All India | F66: Combined | G66: Food and Beverages | H66: Food and Beverages-Overall | I66: 145.9 | J66: 2.96 | K66: F
A67: 2012 | B67: 2019 | C67: 7 | D67: July | E67: All India | F67: Combined | G67: Food and Beverages | H67: Food and Beverages-Overall | I67: 144.7 | J67: 2.33 | K67: F
A68: 2012 | B68: 2019 | C68: 6 | D68: June | E68: All India | F68: Combined | G68: Food and Beverages | H68: Food and Beverages-Overall | I68: 142.7 | J68: 2.37 | K68: F
A69: 2012 | B69: 2019 | C69: 5 | D69: May | E69: All India | F69: Combined | G69: Food and Beverages | H69: Food and Beverages-Overall | I69: 140.9 | J69: 2.03 | K69: F
A70: 2012 | B70: 2019 | C70: 4 | D70: April | E70: All India | F70: Combined | G70: Food and Beverages | H70: Food and Beverages-Overall | I70: 139.4 | J70: 1.38 | K70: F
... A121: 2012 | B121: 2015 | C121: 1 | D121: January | E121: All India | F121: Combined | G121: Food and Beverages | H121: Food and Beverages-Overall | I121: 123.1 | J121: 6.3 | K121: F

Sheet Fuel_Overall
A1: baseyear | B1: year | C1: month_code | D1: month | E1: state | F1: sector | G1: group | H1: subgroup | I1: index | J1: inflation | K1: status
A2: 2012 | B2: 2024 | C2: 12 | D2: December | E2: All India | F2: Combined | G2: Fuel and Light | H2: Fuel and Light-Overall | I2: 177.8 | J2: -1.33 | K2: F
A3: 2012 | B3: 2024 | C3: 11 | D3: November | E3: All India | F3: Combined | G3: Fuel and Light | H3: Fuel and Light-Overall | I3: 176.6 | J3: -1.83 | K3: F
A4: 2012 | B4: 2024 | C4: 10 | D4: October | E4: All India | F4: Combined | G4: Fuel and Light | H4: Fuel and Light-Overall | I4: 176.8 | J4: -1.67 | K4: F
A5: 2012 | B5: 2024 | C5: 9 | D5: September | E5: All India | F5: Combined | G5: Fuel and Light | H5: Fuel and Light-Overall | I5: 176.9 | J5: -1.34 | K5: F
A6: 2012 | B6: 2024 | C6: 8 | D6: August | E6: All India | F6: Combined | G6: Fuel and Light | H6: Fuel and Light-Overall | I6: 176.7 | J6: -5.25 | K6: F
A7: 2012 | B7: 2024 | C7: 7 | D7: July | E7: All India | F7: Combined | G7: Fuel and Light | H7: Fuel and Light-Overall | I7: 176 | J7: -5.48 | K7: F
A8: 2012 | B8: 2024 | C8: 6 | D8: June | E8: All India | F8: Combined | G8: Fuel and Light | H8: Fuel and Light-Overall | I8: 176.3 | J8: -3.61 | K8: F
A9: 2012 | B9: 2024 | C9: 5 | D9: May | E9: All India | F9: Combined | G9: Fuel and Light | H9: Fuel and Light-Overall | I9: 176.1 | J9: -3.67 | K9: F
A10: 2012 | B10: 2024 | C10: 4 | D10: April | E10: All India | F10: Combined | G10: Fuel and Light | H10: Fuel and Light-Overall | I10: 174.4 | J10: -4.02 | K10: F
A11: 2012 | B11: 2024 | C11: 3 | D11: March | E11: All India | F11: Combined | G11: Fuel and Light | H11: Fuel and Light-Overall | I11: 175.8 | J11: -3.35 | K11: F
A12: 2012 | B12: 2024 | C12: 2 | D12: February | E12: All India | F12: Combined | G12: Fuel and Light | H12: Fuel and Light-Overall | I12: 180.7 | J12: -0.77 | K12: F
A13: 2012 | B13: 2024 | C13: 1 | D13: January | E13: All India | F13: Combined | G13: Fuel and Light | H13: Fuel and Light-Overall | I13: 180.9 | J13: -0.6 | K13: F
... A56: 2012 | B56: 2020 | C56: 6 | D56: June | E56: All India | F56: Combined | G56: Fuel and Light | H56: Fuel and Light-Overall | I56: 141.9 | J56: 0.5 | K56: F
A57: 2012 | B57: 2020 | C57: 5 | D57: May | E57: All India | F57: Combined | G57: Fuel and Light | H57: Fuel and Light-Overall | I57: 142.5 | K57: F
A58: 2012 | B58: 2020 | C58: 4 | D58: April | E58: All India | F58: Combined | G58: Fuel and Light | H58: Fuel and Light-Overall | I58: 144.1 | K58: F
A59: 2012 | B59: 2020 | C59: 3 | D59: March | E59: All India | F59: Combined | G59: Fuel and Light | H59: Fuel and Light-Overall | I59: 148.9 | J59: 6.59 | K59: F
A60: 2012 | B60: 2020 | C60: 2 | D60: February | E60: All India | F60: Combined | G60: Fuel and Light | H60: Fuel and Light-Overall | I60: 147.2 | J60: 6.36 | K60: F
A61: 2012 | B61: 2020 | C61: 1 | D61: January | E61: All India | F61: Combined | G61: Fuel and Light | H61: Fuel and Light-Overall | I61: 144.6 | J61: 3.66 | K61: F
A62: 2012 | B62: 2019 | C62: 12 | D62: December | E62: All India | F62: Combined | G62: Fuel and Light | H62: Fuel and Light-Overall | I62: 143.7 | J62: 0.7 | K62: F
A63: 2012 | B63: 2019 | C63: 11 | D63: November | E63: All India | F63: Combined | G63: Fuel and Light | H63: Fuel and Light-Overall | I63: 142.3 | J63: -1.93 | K63: F
A64: 2012 | B64: 2019 | C64: 10 | D64: October | E64: All India | F64: Combined | G64: Fuel and Light | H64: Fuel and Light-Overall | I64: 140.6 | J64: -2.02 | K64: F
A65: 2012 | B65: 2019 | C65: 9 | D65: September | E65: All India | F65: Combined | G65: Fuel and Light | H65: Fuel and Light-Overall | I65: 139.2 | J65: -2.18 | K65: F
A66: 2012 | B66: 2019 | C66: 8 | D66: August | E66: All India | F66: Combined | G66: Fuel and Light | H66: Fuel and Light-Overall | I66: 138.5 | J66: -1.7 | K66: F
A67: 2012 | B67: 2019 | C67: 7 | D67: July | E67: All India | F67: Combined | G67: Fuel and Light | H67: Fuel and Light-Overall | I67: 139.3 | J67: -0.29 | K67: F
A68: 2012 | B68: 2019 | C68: 6 | D68: June | E68: All India | F68: Combined | G68: Fuel and Light | H68: Fuel and Light-Overall | I68: 141.2 | J68: 2.24 | K68: F
A69: 2012 | B69: 2019 | C69: 5 | D69: May | E69: All India | F69: Combined | G69: Fuel and Light | H69: Fuel and Light-Overall | I69: 140.3 | J69: 2.48 | K69: F
A70: 2012 | B70: 2019 | C70: 4 | D70: April | E70: All India | F70: Combined | G70: Fuel and Light | H70: Fuel and Light-Overall | I70: 140 | J70: 2.56 | K70: F
... A121: 2012 | B121: 2015 | C121: 1 | D121: January | E121: All India | F121: Combined | G121: Fuel and Light | H121: Fuel and Light-Overall | I121: 116.5 | J121: 3.83 | K121: F

Sheet Food_Fuel_Comparison
A1: Year | B1: Food Inflation | C1: Fuel Inflation
A2: 2015 | B2: =AVERAGEIF(Food_Overall!$B:$B,A2,Food_Overall!$J:$J) -> 5.2833333 | C2: =AVERAGEIF(Fuel_Overall!$B:$B,A2,Fuel_Overall!$J:$J) -> 5.3025
A3: 2016 | B3: =AVERAGEIF(Food_Overall!$B:$B,A3,Food_Overall!$J:$J) -> 5.3733333 | C3: =AVERAGEIF(Fuel_Overall!$B:$B,A3,Fuel_Overall!$J:$J) -> 3.3375
A4: 2017 | B4: =AVERAGEIF(Food_Overall!$B:$B,A4,Food_Overall!$J:$J) -> 1.8225 | C4: =AVERAGEIF(Fuel_Overall!$B:$B,A4,Fuel_Overall!$J:$J) -> 5.5583333
A5: 2018 | B5: =AVERAGEIF(Food_Overall!$B:$B,A5,Food_Overall!$J:$J) -> 1.7141667 | C5: =AVERAGEIF(Fuel_Overall!$B:$B,A5,Fuel_Overall!$J:$J) -> 6.9933333
A6: 2019 | B6: =AVERAGEIF(Food_Overall!$B:$B,A6,Food_Overall!$J:$J) -> 3.5741667 | C6: =AVERAGEIF(Fuel_Overall!$B:$B,A6,Fuel_Overall!$J:$J) -> 0.46333333
A7: 2020 | B7: =AVERAGEIF(Food_Overall!$B:$B,A7,Food_Overall!$J:$J) -> 8.635 | C7: =AVERAGEIF(Fuel_Overall!$B:$B,A7,Fuel_Overall!$J:$J) -> 3.242
A8: 2021 | B8: =AVERAGEIF(Food_Overall!$B:$B,A8,Food_Overall!$J:$J) -> 3.6891667 | C8: =AVERAGEIF(Fuel_Overall!$B:$B,A8,Fuel_Overall!$J:$J) -> 10.1575
A9: 2022 | B9: =AVERAGEIF(Food_Overall!$B:$B,A9,Food_Overall!$J:$J) -> 6.8266667 | C9: =AVERAGEIF(Fuel_Overall!$B:$B,A9,Fuel_Overall!$J:$J) -> 10.025833
A10: 2023 | B10: =AVERAGEIF(Food_Overall!$B:$B,A10,Food_Overall!$J:$J) -> 6.5691667 | C10: =AVERAGEIF(Fuel_Overall!$B:$B,A10,Fuel_Overall!$J:$J) -> 4.1158333
A11: 2024 | B11: =AVERAGEIF(Food_Overall!$B:$B,A11,Food_Overall!$J:$J) -> 7.6233333 | C11: =AVERAGEIF(Fuel_Overall!$B:$B,A11,Fuel_Overall!$J:$J) -> -2.7433333

Sheet Executive_Summary
A1: Inflation and Cost of Living Analysis in India (2015–2024)
A3: Objective
A4: To analyze inflation and cost-of-living trends in India from 2015–2024 using Consumer Price Index (CPI) data and evaluate the impact of COVID-19 on consumer prices.
A6: Key Findings
A7: • Average Inflation (2015–2024): 4.88%
A8: • Highest Inflation Year: 2022 (6.70%)
A9: • Lowest Inflation Year: 2017 (3.33%)
A10: • Pre-COVID Inflation: 4.18%
A11: • COVID-period Inflation: 5.78%
A12: • Post-COVID Inflation: 5.30%
A13: • Fuel Inflation was more volatile than Food Inflation.
A14: • Inflation remained elevated after COVID, indicating persistent cost-of-living pressures.
... A23: Ministry of Statistics and Programme Implementation (MoSPI), Consumer Price Index (CPI) Database.
